{"latest_10_mean_score": 0.08333333333333333, "_timestamp": 1720709969.9398065, "_runtime": 137.70414853096008, "_step": 7}