{"latest_10_mean_score": 0.1111111111111111, "_timestamp": 1720709649.1990778, "_runtime": 41.89988088607788, "_step": 1}